Carimbo de data/hora,Data Nascimento:,Curso:,Período:,Motivo pela escolha da Fatec (esta questão admite mais de uma resposta):,Motivo da escolha do curso (esta questão admite mais de uma resposta):,Tempo decorrido da conclusão do ensino médio:,Formado em escola:        ,"Você trabalha?  ( A empregabilidade, principalmente se relacionada ao curso, pode motivá-lo(a) para o programa.) ","Se positivo, favor informar: 
Nome da empresa:","Se positivo, favor informar: Cargo ocupado:",O cargo ocupado é compatível com o curso que você acaba de se matricular?,"(a renda pessoal ou familiar pode reduzir a necessidade por outros trabalhos, sem riscos para o seu curso)
Número de salários-mínimos que recebe:",Espaço para suas considerações 
3/12/2025,12/4/1995,Gestão Empresarial,Diurno,"Pela qualidade da Instituição, Por orientação familiar",Pelo nome do curso,12,Particular,Não,,,Não,2 salários mínimos,
3/12/2025,12/13/2005,Gestão Empresarial,Diurno,"Por orientação familiar, Por ser o curso que deseja, Por ser Instituição Pública","Por orientação familiar, Por ter conhecimento e afinidade com a carreira",2 anos,Pública,Sim,RS Marketing ,Sou dono,Sim,5 salários mínimos ,
3/12/2025,2/7/2003,Gestão Empresarial,Diurno,Pela qualidade da Instituição,Por ter conhecimento e afinidade com a carreira,5 anos,Pública,Não,,,Não,2 salários mínimos,
3/12/2025,6/11/2006,Gestão Empresarial,Diurno,Por ter amigos na escola,Por informações de alunos da Fatec,1 anos,Pública,Sim,,,Sim,,Legal
3/12/2025,4/25/1997,Gestão Empresarial,Diurno,"Pela qualidade da Instituição, Por ser o curso que deseja, Por ser Instituição Pública, Pela Instituição ficar perto de onde você mora","Por orientação familiar, Por ter conhecimento e afinidade com a carreira",10,Pública,Sim,GRUPO MENDES,Operador,Não,1 salário mínimo,
3/12/2025,11/26/1987,Gestão Empresarial,Diurno,Por ser o curso que deseja,Por ter conhecimento e afinidade com a carreira,6 anos,Pública,Não,,,Não,2 salários mínimos,
3/12/2025,8/12/2005,Gestão Empresarial,Diurno,Pela qualidade da Instituição,Por orientação familiar,2 anos,Pública,Não,,,,,
3/12/2025,1/10/1982,Gestão Empresarial,Diurno,"Pela qualidade da Instituição, Por ser Instituição Pública","Por ter conhecimento e afinidade com a carreira, Por informações de alunos da Fatec",1999,Pública,Sim,Citrosuco Agroindústria ,Operador de Produção ll,Não,3 salários mínimos,
3/12/2025,2/1/1999,Gestão Empresarial,Diurno,"Pela qualidade da Instituição, Por ser o curso que deseja","Pelo nome do curso, Devido ao menor tempo de curso",9 anos,Pública,Sim,Hospital do vicentino,Estagiária - setor administrativo ,Sim,1 salário mínimo,
3/12/2025,7/18/1986,Gestão Empresarial,Diurno,"Pela qualidade da Instituição, Por ser o curso que deseja, Por ser Instituição Pública","Por trabalhar na área, Por ter conhecimento e afinidade com a carreira",21 anos,Pública,Sim,Ornelas Assistente virtual e assessoria de negócios ,Ceo,Sim,2 salários mínimos,
3/12/2025,7/4/2006,Gestão Empresarial,Diurno,Por ter amigos na escola,Por orientação familiar,1 anos,Particular,Não,,,,,
3/12/2025,8/22/2006,Logística,Diurno,"Pela qualidade da Instituição, Por orientação familiar, Por ser Instituição Pública",Por orientação familiar,Acabou de se formar,Pública,Não,,,Não,3 salários mínimos,
3/12/2025,5/22/2006,Logística,Diurno,Por ser Instituição Pública,Por ter conhecimento e afinidade com a carreira,1 anos,Particular,Não,,,Não,3 salários mínimos,
3/12/2025,2/5/2007,Logística,Diurno,Por ser Instituição Pública,Devido ao menor tempo de curso,Acabou de se formar,Pública,Sim,Superpark diversoes ,Auxiliar administrativo ,Não,1 salário mínimo,
3/12/2025,9/19/2003,Logística,Diurno,Por ser Instituição Pública,"Por orientação familiar, Por ter conhecimento e afinidade com a carreira",3 anos,Pública,Não,,,,1 salário mínimo,
3/12/2025,11/14/2001,Logística,Diurno,"Pela qualidade da Instituição, Por ser Instituição Pública",Por ter conhecimento e afinidade com a carreira,5 anos,Pública,Não,,,,,
3/12/2025,3/29/2007,Logística,Diurno,"Pela qualidade da Instituição, Por orientação familiar, Pela Instituição ficar perto de onde você mora","Por orientação familiar, Por ter conhecimento e afinidade com a carreira",Acabou de se formar,Pública,Não,,,Não,,
3/12/2025,1/27/2007,Logística,Diurno,"Pela qualidade da Instituição, Por ser Instituição Pública","Pelo nome do curso, Devido ao menor tempo de curso",Acabou de se formar,Pública,Não,,,,2 salários mínimos,
3/12/2025,2/18/2007,Logística,Diurno,Por ser Instituição Pública,Por ter conhecimento e afinidade com a carreira,Acabou de se formar,Pública,Não,,,,4 salários mínimos,
3/12/2025,1/17/2000,Logística,Diurno,Pela qualidade da Instituição,Por orientação da empresa que trabalha,8,Pública,Sim,Souza Lima Terceirização ,Controlador de acesso ,Não,1 salário mínimo,
3/12/2025,6/27/2025,Logística,Diurno,Por ser Instituição Pública,Por orientação familiar,1 anos,Particular,Não,,,,4 salários mínimos,boa instituição 
3/12/2025,3/14/2004,Logística,Diurno,"Pela qualidade da Instituição, Por orientação familiar, Por ser Instituição Pública","Pelo nome do curso, Por orientação familiar",4 anos,Pública,Não,,,,2 salários mínimos,
3/12/2025,5/13/2006,Logística,Diurno,Por ser Instituição Pública,"Por ter conhecimento e afinidade com a carreira, Devido ao menor tempo de curso",3 anos,Pública,Sim,Hotel Sheraton,Estagiário em Recepção,Não,11 salários mínimos,Não tenho considerações
3/12/2025,12/30/2004,Logística,Diurno,"Pela qualidade da Instituição, Por ser Instituição Pública, Por ter amigos na escola",Por informações de alunos da Fatec,3 anos,Pública,Sim,Quitanda Bom Gosto ,Atendente ,Não,2 salários mínimos,"Meu único porém, é em relação ao fato de eu morar em outra cidade. Em Peruíbe com divisa em Itariri, que pode acabar me desmotivando devido ao cansaço de acordar às 3:30 pra me arrumar e vim pra cá de segunda a sexta. "
3/12/2025,3/7/2003,Logística,Diurno,"Pela qualidade da Instituição, Por orientação familiar, Por ser o curso que deseja","Por orientação familiar, Por ter conhecimento e afinidade com a carreira",4 anos,Particular,Não,,,,3 salários mínimos,
3/12/2025,6/30/2005,Logística,Diurno,Por ser o curso que deseja,Por trabalhar na área,1 anos,Pública,Sim,Santos Brasil ,Aprendiz armazém ,Sim,2 salários mínimos,
3/12/2025,9/13/2006,Logística,Diurno,"Por orientação familiar, Por ser o curso que deseja",Por informações de alunos da Fatec,Acabou de se formar,Pública,Não,,,,4 salários mínimos,
3/12/2025,5/24/2006,Logística,Diurno,"Pela qualidade da Instituição, Por orientação familiar, Pela Instituição ficar perto de onde você mora",Por orientação familiar,Acabou de se formar,Pública,Não,,,Não,2 salários mínimos,
3/12/2025,1/8/2002,Logística,Diurno,"Pela qualidade da Instituição, Por ser o curso que deseja, Por ser Instituição Pública",Por ter conhecimento e afinidade com a carreira,5 anos ,Pública,Não,-,-,Não,1 salário mínimo,"  Bom, o que já me fez questionar minha permanência na instituição foi o custo de comoção até a faculdade, gastos com passagem, pois eu moro no Guarujá, e necessito de meios de transporte, não tenho passe livre de barcas ou de ônibus, estou aguardando ser deferida. "
3/12/2025,12/9/2006,Logística,Diurno,Pela qualidade da Instituição,Por orientação familiar,Acabou de se formar,Pública,Sim,Netclicks ,Montadora e operadora ,Não,2 salários mínimos,
3/12/2025,12/19/2005,Logística,Diurno,"Pela qualidade da Instituição, Por ser o curso que deseja","Pelo nome do curso, Por ter conhecimento e afinidade com a carreira",2 anos,Pública,Não,,,,1 salário mínimo,
3/12/2025,2/12/2005,Logística,Diurno,"Pela qualidade da Instituição, Por ser o curso que deseja","Pelo nome do curso, Devido ao menor tempo de curso",2 anos,Pública,Não,,,,2 salários mínimos,
3/12/2025,8/28/2007,Logística,Vespertino,"Pela qualidade da Instituição, Por orientação familiar",Por trabalhar na área,Acabou de se formar,Particular,Não,,,Sim,,Curso bom e professores ótimos 
3/12/2025,3/7/2007,Logística,Diurno,"Por orientação familiar, Por ser Instituição Pública",Por orientação familiar,Acabou de se formar,Pública,Não,,,,6,.
3/12/2025,10/12/1992,Gestão Portuária,Diurno,"Pela qualidade da Instituição, Por orientação familiar, Por ser Instituição Pública, Pela Instituição ficar perto de onde você mora","Pelo nome do curso, Por orientação familiar, Devido ao menor tempo de curso",12 anos ,Pública,Sim,RESIDENCIAL TROPICAL FOREST ,Aux.cons.Edificio.( Portaria ),Não,2 salários mínimos,"Por estar a muito tempo longe da escola  , estou tentando me adaptar e adequar meu tempo aos estudos. "
3/12/2025,3/25/1994,Logística,Diurno,Por orientação familiar,Por orientação da empresa que trabalha,12 anos ,Pública,Não,,,,3 salários mínimos,
3/12/2025,7/13/1990,Logística,Diurno,Por ser o curso que deseja,Por ter conhecimento e afinidade com a carreira,3 anos,Pública,Sim,Ecoporto ,Estivador,Sim,6,Boa escola 
3/12/2025,10/19/2006,Logística,Diurno,Pela qualidade da Instituição,Por orientação familiar,Acabou de se formar,Pública,Não,,,,,
3/12/2025,9/20/2004,Logística,Diurno,Por ser Instituição Pública,Por orientação familiar,2 anos,Pública,Não,,,Não,3 salários mínimos,
3/12/2025,4/22/2000,Logística,Diurno,"Pela qualidade da Instituição, Por orientação familiar, Por ser o curso que deseja, Por ser Instituição Pública","Pelo nome do curso, Por ter conhecimento e afinidade com a carreira, Por informações de alunos da Fatec",,Pública,Não,,,,2 salários mínimos,
3/12/2025,4/2/2007,Logística,Diurno,"Pela qualidade da Instituição, Por orientação familiar, Por ser Instituição Pública",Por orientação familiar,Acabou de se formar,Pública,Não,Não trabalho,Não trabalho,Não,"Nenhum, não trabalho",
3/12/2025,8/25/2003,Gestão de RH,Noturno,Por ser Instituição Pública,Por ter conhecimento e afinidade com a carreira,3 anos,Pública,Sim,Unicaserv,Assistente Administrativo ,Não,4 salários mínimos,
3/12/2025,2/15/2005,Gestão de RH,Noturno,"Pela qualidade da Instituição, Por orientação familiar, Por ser o curso que deseja, Por ser Instituição Pública, Pela Instituição ficar perto de onde você mora","Pelo nome do curso, Por orientação familiar",4 anos,Pública,Sim,TERRACOM LTDA,Varredora ,Não,1 salário mínimo,
3/12/2025,7/10/2001,Gestão de RH,Noturno,Pela qualidade da Instituição,Pelo nome do curso,3 anos,Pública,Sim,MSC,Assistente de documentação,Sim,1 salário mínimo,
3/12/2025,3/4/2007,Gestão de RH,Noturno,"Pela qualidade da Instituição, Por ser Instituição Pública","Por ter conhecimento e afinidade com a carreira, Devido ao menor tempo de curso",Acabou de se formar,Particular,Não,,,,"Não recebo nenhum, minha mãe recebe um e meu pai recebe pouco acima de um.",
3/12/2025,8/7/2006,Gestão de RH,Noturno,"Pela qualidade da Instituição, Por orientação familiar",Por orientação familiar,Acabou de se formar,Pública,Não,,,Não,2 salários mínimos,
3/12/2025,3/27/2025,Gestão de RH,Noturno,Por ser Instituição Pública,Pelo nome do curso,Acabou de se formar,Pública,Sim,AFIL,Jovem Aprendiz - Auxiliar de Escritório ,Não,1 salário mínimo,
3/12/2025,11/15/1998,Gestão de RH,Noturno,"Pela qualidade da Instituição, Por ser Instituição Pública","Pelo nome do curso, Por ter conhecimento e afinidade com a carreira",8 anos,Particular,Sim,Sou autônoma ,Tradutora ,Não,5 salários-mínimos ,
3/12/2025,12/10/2003,Gestão de RH,Diurno,Por ser Instituição Pública,Por ter conhecimento e afinidade com a carreira,3 anos,Particular,Sim,instituto visão do bem ,auxiliar administrativo ,Não,3 salários mínimos,
3/12/2025,5/2/2004,Gestão de RH,Noturno,"Pela qualidade da Instituição, Por ser Instituição Pública, Pela Instituição ficar perto de onde você mora","Por trabalhar na área, Por ter conhecimento e afinidade com a carreira",2 anos,Pública,Sim,TEC,Aprendiz de RH,Sim,1 salário mínimo,
3/12/2025,5/27/2004,Gestão de RH,Noturno,"Pela qualidade da Instituição, Por ser o curso que deseja, Por ser Instituição Pública",Por ter conhecimento e afinidade com a carreira,2 anos,Pública,Não,,,,,
3/12/2025,8/30/2005,Gestão de RH,Noturno,"Pela qualidade da Instituição, Por ser o curso que deseja, Por ser Instituição Pública","Pelo nome do curso, Por trabalhar na área, Por ter conhecimento e afinidade com a carreira",1 anos,Pública,Sim,Pernambucanas ,Jovem aprendiz ,Não,2 salários mínimos,
3/12/2025,5/31/2007,Gestão de RH,Noturno,"Pela qualidade da Instituição, Por ser o curso que deseja, Por ser Instituição Pública",,Acabou de se formar,Pública,Não,,,,,
3/12/2025,5/31/1997,Gestão de RH,Noturno,"Pela qualidade da Instituição, Por ser o curso que deseja",Por ter conhecimento e afinidade com a carreira,10 anos ,Pública,Não,,,Não,4 salários mínimos,
3/12/2025,5/16/1991,Gestão de RH,Noturno,Por ser Instituição Pública,Por ter conhecimento e afinidade com a carreira,3 anos,Pública,Sim,Pro Ativa,Assistente Administrativo ,Sim,2 salários mínimos,
3/12/2025,8/27/2004,Gestão de RH,Noturno,"Pela qualidade da Instituição, Por ser o curso que deseja, Por ser Instituição Pública","Por trabalhar na área, Por ter conhecimento e afinidade com a carreira",3 anos,Pública,Sim,Desktop ,Aprendiz de Recursos Humanos ,Sim,2 salários mínimos,
3/12/2025,9/4/2006,Gestão de RH,Noturno,"Pela qualidade da Instituição, Por ser o curso que deseja, Por ser Instituição Pública","Por trabalhar na área, Por ter conhecimento e afinidade com a carreira",Acabou de se formar,Pública,Não,,,,1 salário mínimo,
3/12/2025,3/6/2005,Gestão de RH,Noturno,"Pela qualidade da Instituição, Por ser o curso que deseja",Por ter conhecimento e afinidade com a carreira,3 anos,Pública,Não,,,Não,2 salários mínimos,
3/12/2025,6/14/2007,Gestão de RH,Noturno,Por ser Instituição Pública,"Por trabalhar na área, Por ter conhecimento e afinidade com a carreira",Acabou de se formar,Particular,Não,,,,3 salários mínimos,
3/12/2025,5/30/1981,Gestão de RH,Noturno,"Pela qualidade da Instituição, Por ser o curso que deseja, Por ser Instituição Pública",Por ter conhecimento e afinidade com a carreira,2003,Particular,Não,,,,2 salários mínimos,
3/12/2025,3/14/1995,Gestão de RH,Noturno,"Pela qualidade da Instituição, Por ser o curso que deseja, Por ser Instituição Pública",Por ter conhecimento e afinidade com a carreira,14,Pública,Sim,RDC Promotora ,Analista de recursos humanos ,Sim,2 salários mínimos,
3/12/2025,1/23/2007,Gestão de RH,Noturno,"Pela qualidade da Instituição, Por ser Instituição Pública",Por ter conhecimento e afinidade com a carreira,Acabou de se formar,Particular,Sim,SP Distribuidora ,Administrativo ,Sim,2 salários mínimos,
3/12/2025,3/12/2025,Gestão de RH,Noturno,"Pela qualidade da Instituição, Por ser o curso que deseja, Por ser Instituição Pública, Pela Instituição ficar perto de onde você mora","Pelo nome do curso, Por ter conhecimento e afinidade com a carreira",7 anos ,Pública,Não,,,,3 salários mínimos,
3/12/2025,6/28/2001,Gestão de RH,Noturno,"Pela qualidade da Instituição, Por ser o curso que deseja, Por ser Instituição Pública",Por ter conhecimento e afinidade com a carreira,3 anos,Pública,Sim,Hospital Santa Casa de Santos ,Auxiliar de Serviços de Saúde ,Não,2 salários mínimos,
3/12/2025,2/3/2007,Gestão de RH,Noturno,Por ser Instituição Pública,Pelo nome do curso,Acabou de se formar,Pública,Não,,,,,
3/12/2025,5/21/2006,Gestão de RH,Noturno,"Pela qualidade da Instituição, Por ser o curso que deseja, Por ser Instituição Pública","Por trabalhar na área, Por ter conhecimento e afinidade com a carreira, Por informações de alunos da Fatec",Acabou de se formar,Pública,Sim,J C Demolições ,Assistente Administrativo ,Sim,2 salários mínimos,
3/12/2025,4/5/2001,Gestão de RH,Noturno,Pela qualidade da Instituição,"Por trabalhar na área, Por ter conhecimento e afinidade com a carreira",3 anos,Pública,Sim,Carrefour ,Analista de recrutamento e seleção ,Sim,2 salários mínimos,
3/12/2025,2/15/2006,Gestão de RH,Noturno,"Pela qualidade da Instituição, Por orientação familiar, Por ser o curso que deseja, Por ser Instituição Pública","Pelo nome do curso, Por ter conhecimento e afinidade com a carreira",2 anos,Pública,Não,,,,,
3/12/2025,5/6/2000,Gestão de RH,Noturno,Por ser Instituição Pública,Devido ao menor tempo de curso,7 anos ,Pública,Não,,,Não,1 salário mínimo,
3/12/2025,6/6/2005,Gestão de RH,Noturno,"Pela qualidade da Instituição, Por ser Instituição Pública, Por ter amigos na escola","Por trabalhar na área, Por ter conhecimento e afinidade com a carreira",,Pública,Sim,GRUPO YAMAM,Auxiliar Administrativo ,Sim,1 salário mínimo,. 
3/12/2025,6/23/2007,Gestão de RH,Noturno,"Pela qualidade da Instituição, Por ser Instituição Pública",Por informações de alunos da Fatec,Acabou de se formar,Pública,Não,,,,4 salários mínimos,
3/12/2025,8/8/1997,Gestão de RH,Noturno,"Pela qualidade da Instituição, Por ser o curso que deseja, Por ser Instituição Pública",Por trabalhar na área,7 anos ,Pública,Sim,Integra ,Auxiliar de escritório no setor de condomínio ,Não,1 salário mínimo,
3/12/2025,11/26/2001,Gestão de RH,Noturno,"Pela qualidade da Instituição, Por ser o curso que deseja, Por ser Instituição Pública, Por ter amigos na escola","Pelo nome do curso, Por ter conhecimento e afinidade com a carreira",4 anos,Pública,Não,,,,2 salários mínimos,
3/12/2025,9/12/2007,Gestão de RH,Noturno,"Por orientação familiar, Por ser Instituição Pública, Por ter amigos na escola","Pelo nome do curso, Por ter conhecimento e afinidade com a carreira, Devido ao menor tempo de curso",Acabou de se formar,Pública,Não,,,Não,Não recebo,
3/12/2025,5/29/1991,Gestão de RH,Noturno,"Pela qualidade da Instituição, Por orientação familiar, Por ser o curso que deseja, Por ser Instituição Pública","Pelo nome do curso, Por ter conhecimento e afinidade com a carreira, Devido ao menor tempo de curso, Por orientação da empresa que trabalha",3 anos,Pública,Sim,Autoridade Portuária de Santos ,Técnico Portuário ,Não,2 salários mínimos,Considero que o curso de Gestão de RH é engajador pelo fato de abrir para os campo social e interpessoal da organização e me motiva ainda mais porque é desafiador por ser uma profissional voltado ao campo de exatas. 
4/3/2025,2/7/2007,Análise e Desenvolvimento de Sistemas,Noturno,"Pela qualidade da Instituição, Por ser Instituição Pública",Por trabalhar na área,1 anos,Pública,Não,,,,,
4/3/2025,9/16/1988,Análise e Desenvolvimento de Sistemas,Noturno,"Por ser Instituição Pública, Pela Instituição ficar perto de onde você mora",Devido ao menor tempo de curso,18 anos,Pública,Não,,,Não,3 salários mínimos,
4/3/2025,11/14/2006,Análise e Desenvolvimento de Sistemas,Noturno,"Por ser o curso que deseja, Por ser Instituição Pública","Por trabalhar na área, Por ter conhecimento e afinidade com a carreira",Acabou de se formar,Pública,Não,,,,,
4/3/2025,12/1/1996,Análise e Desenvolvimento de Sistemas,Noturno,"Pela qualidade da Instituição, Por ser o curso que deseja, Por ser Instituição Pública",Por ter conhecimento e afinidade com a carreira,9 anos,Pública,Não,,,Não,2 salários mínimos,
4/3/2025,6/27/2006,Análise e Desenvolvimento de Sistemas,Noturno,"Pela qualidade da Instituição, Por ser o curso que deseja, Por ser Instituição Pública","Pelo nome do curso, Por ter conhecimento e afinidade com a carreira",Acabou de se formar,Pública,Não,,,Não,4 salários mínimos,
4/3/2025,3/1/2002,Análise e Desenvolvimento de Sistemas,Noturno,"Pela qualidade da Instituição, Por ser Instituição Pública, Pela Instituição ficar perto de onde você mora","Pelo nome do curso, Devido ao menor tempo de curso",6 anos,Particular,Sim,Enjoei,Analista Pleno de Marketing ,Sim,4 salários mínimos,
4/3/2025,12/26/2000,Análise e Desenvolvimento de Sistemas,Noturno,"Pela qualidade da Instituição, Por ser o curso que deseja, Por ser Instituição Pública","Por trabalhar na área, Por ter conhecimento e afinidade com a carreira",8,Pública,Não,,,,,
4/3/2025,4/21/2007,Análise e Desenvolvimento de Sistemas,Noturno,"Pela qualidade da Instituição, Por ser o curso que deseja, Por ser Instituição Pública",Por ter conhecimento e afinidade com a carreira,Acabou de se formar,Pública,Sim,Condomínio The Blue Officemall ,auxiliar administrativo ,Não,1 salário mínimo,
4/3/2025,3/19/2007,Análise e Desenvolvimento de Sistemas,Noturno,"Por orientação familiar, Por ser o curso que deseja, Por ser Instituição Pública",Pelo nome do curso,Acabou de se formar,Particular,Não,,,,,
4/3/2025,9/21/1995,Análise e Desenvolvimento de Sistemas,Noturno,"Pela qualidade da Instituição, Por ser o curso que deseja, Por ser Instituição Pública",Pelo nome do curso,3 anos,Pública,Sim,Geoambiente S/A,Auxiliar de Operações ,Não,2 salários mínimos,
4/3/2025,1/25/2007,Análise e Desenvolvimento de Sistemas,Noturno,Por ser o curso que deseja,"Por trabalhar na área, Por ter conhecimento e afinidade com a carreira",Acabou de se formar,Pública,Sim,Daoster,Desenvolvedor de software,Sim,1 salário mínimo,
4/3/2025,6/3/2003,Análise e Desenvolvimento de Sistemas,Noturno,"Pela qualidade da Instituição, Por ser o curso que deseja, Por ser Instituição Pública","Por informações de alunos da Fatec, Devido ao menor tempo de curso",5 anos ,Particular,Sim,North Star Shipping ,Assistente de Custeio,Não,2 salários mínimos,
4/3/2025,9/6/1991,Análise e Desenvolvimento de Sistemas,Noturno,"Pela qualidade da Instituição, Por orientação familiar, Por ser o curso que deseja, Por ser Instituição Pública","Pelo nome do curso, Por orientação familiar, Por ter conhecimento e afinidade com a carreira, Devido ao menor tempo de curso",12 anos,Particular,Não,,,,3 salários mínimos,Procurando estágio no momento para complementar renda.
4/3/2025,12/14/2003,Análise e Desenvolvimento de Sistemas,Noturno,Por ser Instituição Pública,Pelo nome do curso,3 anos,Particular,Sim,,,Sim,2 salários mínimos,
4/3/2025,1/28/2007,Gestão Empresarial,Noturno,"Pela qualidade da Instituição, Por ser Instituição Pública",Por informações de alunos da Fatec,3 anos,Pública,Não,,,,2 salários mínimos,
4/3/2025,10/8/2006,Gestão Empresarial,Noturno,Por ser o curso que deseja,Por trabalhar na área,Acabou de se formar,Pública,Não,,,,renda pessoal entre 3 a 4 salários mínimos ,
4/3/2025,9/18/1983,Gestão Empresarial,Noturno,"Pela qualidade da Instituição, Por orientação familiar, Por ser o curso que deseja","Por orientação familiar, Por ter conhecimento e afinidade com a carreira, Por informações de alunos da Fatec",25 anos,Pública,Sim,Quatri Automação ,Comprador / Estoquista ,Sim,1 salário mínimo,"Minha esposa é formada em Gestão Empresarial pela Fatec, sendo esta a sua segunda graduação e isso me motivou a buscar meu diploma de ensino superior, ainda mais para uma pessoa com mais de 40 anos."
4/3/2025,9/2/1998,Gestão Empresarial,Noturno,Por ser o curso que deseja,Por ter conhecimento e afinidade com a carreira,9,Pública,Não,,,Não,3 salários mínimos,
4/3/2025,6/6/2006,Gestão Empresarial,Noturno,"Pela qualidade da Instituição, Por ser Instituição Pública, Pela Instituição ficar perto de onde você mora",Por ter conhecimento e afinidade com a carreira,3 anos,Pública,Não,,,,,
4/3/2025,12/28/1993,Gestão Empresarial,Noturno,"Por ser o curso que deseja, Por ser Instituição Pública, Pela Instituição ficar perto de onde você mora",Por ter conhecimento e afinidade com a carreira,,Pública,Sim,,,Não,1 salário mínimo,
4/3/2025,6/20/1984,Análise e Desenvolvimento de Sistemas,Noturno,"Pela qualidade da Instituição, Por ser Instituição Pública","Pelo nome do curso, Devido ao menor tempo de curso",20 anos / 2 X na Fatec,Pública,Sim,Ageo Terminais ,Assistente de Expedição ,Não,4 salários mínimos,Curso ADS noturno. Porém meu real interesse seria cursar Ciências de Dados noturno (trabalho durante o dia).
4/4/2025,6/24/2006,Gestão Empresarial,Noturno,"Pela qualidade da Instituição, Por ser o curso que deseja, Por ser Instituição Pública, Pela Instituição ficar perto de onde você mora",Por ter conhecimento e afinidade com a carreira,Acabou de se formar,Pública,Sim,Álvares e Muniz LTDA ,Jovem aprendiz de eletricista de manutenção ,Não,Menos de 1 salário mínimo ,
4/4/2025,5/19/1994,Análise e Desenvolvimento de Sistemas,Noturno,Por ser Instituição Pública,"Pelo nome do curso, Por orientação familiar",14 anos,Pública,Sim,Prefeitura municipal de Santos ,Oficial de administração ,Não,3 salários mínimos,
4/5/2025,8/23/2005,Sistemas para Internet,Diurno,"Pela qualidade da Instituição, Por ser o curso que deseja, Por ser Instituição Pública, Por ter amigos na escola",Por ter conhecimento e afinidade com a carreira,2 anos,Pública,Não,,,,2 salários mínimos,"Po em questão de grade ou de aprendizado me atrai muito mult plataforma em PG, mas por conta de dificuldade de transporte e etcs eu preferi fazer em santos, que aí eu só preciso pegar um ônibus mesmo andando bem mais, na área eu simplesmente gosto e já tenho bastante experiência entrei mais pra q me facilitasse a pegar um emprego estou indo pro terceiro ano de experiência já peguei uns frellas mais nada muito consolidado de carteira assinada."
4/5/2025,2/28/2007,Sistemas para Internet,Diurno,"Pela qualidade da Instituição, Por ser o curso que deseja, Por ser Instituição Pública",Por ter conhecimento e afinidade com a carreira,Acabou de se formar,Pública,Não,,,Não,,
4/5/2025,11/23/2005,Sistemas para Internet,Diurno,"Pela qualidade da Instituição, Por ser o curso que deseja, Por ser Instituição Pública, Pela Instituição ficar perto de onde você mora","Por ter conhecimento e afinidade com a carreira, Por informações de alunos da Fatec",1 anos,Particular,Sim,Cna,Professor,Não,3 salários mínimos,
4/5/2025,8/22/2006,Sistemas para Internet,Diurno,"Pela qualidade da Instituição, Por ser Instituição Pública, Pela Instituição ficar perto de onde você mora",Por informações de alunos da Fatec,Acabou de se formar,Pública,Sim,Strauss Música Hall,Auxiliar de escritório ,Não,1 salário mínimo,Salário menor que um salário mínimo 
4/5/2025,5/15/2003,Sistemas para Internet,Vespertino,"Pela qualidade da Instituição, Por ser Instituição Pública","Por trabalhar na área, Por ter conhecimento e afinidade com a carreira",3 anos,Pública,Não,,,,3 salários mínimos,"Faço Sistemas para Internet, sinto que falta mais computadores para todos da sala, normalmente em período de provas, os alunos conseguem computador por ordem de chegada, então os ultimos costumam demorar até fazer a prova (esperando alguém terminar), seria interessante uma nova fileira com computadores nos laboratórios 


E também a opção Noturna para curso de SI"
4/5/2025,9/26/1989,Sistemas para Internet,Diurno,"Pela qualidade da Instituição, Por ser Instituição Pública",Por informações de alunos da Fatec,18 anos,Pública,Não,,,,1 salário mínimo,
4/5/2025,2/13/2007,Sistemas para Internet,Diurno,"Pela qualidade da Instituição, Por ser o curso que deseja, Por ser Instituição Pública",Por ter conhecimento e afinidade com a carreira,Acabou de se formar,Particular,Não,,,,,
4/5/2025,7/8/2005,Sistemas para Internet,Diurno,"Pela qualidade da Instituição, Por ter amigos na escola",Pelo nome do curso,Acabou de se formar,Pública,Não,,,,2 salários mínimos,
4/5/2025,5/3/2006,Sistemas para Internet,Diurno,Pela qualidade da Instituição,Por informações de alunos da Fatec,1 anos,Particular,Não,,,,,
4/5/2025,3/22/2002,Sistemas para Internet,Diurno,"Pela qualidade da Instituição, Por ser o curso que deseja","Pelo nome do curso, Por ter conhecimento e afinidade com a carreira",6 anos ,Particular,Não,,,Não,1 salário mínimo,
4/5/2025,7/6/2006,Sistemas para Internet,Diurno,"Pela qualidade da Instituição, Por orientação familiar, Por ser o curso que deseja","Por orientação familiar, Por ter conhecimento e afinidade com a carreira",Acabou de se formar,Pública,Sim,Jovem Aprendiz pela Rede Krill Supermercados,Auxiliar de caixa,Não,1 salário mínimo,Eu desejo muito trabalhar na área que eu estou cursando 
4/5/2025,6/2/2006,Sistemas para Internet,Diurno,Pela qualidade da Instituição,Por informações de alunos da Fatec,3 anos,Pública,Não,,,,,
4/5/2025,6/20/2007,Análise e Desenvolvimento de Sistemas,Diurno,"Por ser Instituição Pública, Pela Instituição ficar perto de onde você mora","Por ter conhecimento e afinidade com a carreira, Devido ao menor tempo de curso",Acabou de se formar,Pública,Não,,,,,
4/5/2025,6/9/2006,Sistemas para Internet,Diurno,"Pela qualidade da Instituição, Por orientação familiar, Por ser Instituição Pública","Por trabalhar na área, Por ter conhecimento e afinidade com a carreira",2 anos,Pública,Não,,,,2 salários mínimos,
4/5/2025,11/20/2006,Sistemas para Internet,Diurno,"Pela qualidade da Instituição, Por ser Instituição Pública","Por ter conhecimento e afinidade com a carreira, Por informações de alunos da Fatec",Acabou de se formar,Pública,Não,,,Não,3 salários mínimos,
4/5/2025,6/16/2005,Sistemas para Internet,Diurno,"Pela qualidade da Instituição, Por orientação familiar, Por ser Instituição Pública","Por trabalhar na área, Por informações de alunos da Fatec",3 anos,Particular,Sim,Satel Despachos ,Estagiário ,Sim,3 salários mínimos,
4/5/2025,6/11/1996,Sistemas para Internet,Diurno,"Pela qualidade da Instituição, Por orientação familiar, Por ser Instituição Pública, Pela Instituição ficar perto de onde você mora","Pelo nome do curso, Por ter conhecimento e afinidade com a carreira, Por informações de alunos da Fatec",12 anos,Particular,Sim,Bia garcia bistro,Balconista,Não,1 salário mínimo,
4/5/2025,1/28/2007,Sistemas para Internet,Diurno,"Pela qualidade da Instituição, Por orientação familiar, Por ser o curso que deseja, Por ser Instituição Pública, Pela Instituição ficar perto de onde você mora","Pelo nome do curso, Por orientação familiar, Por ter conhecimento e afinidade com a carreira, Por informações de alunos da Fatec",Acabou de se formar,Particular,Não,,,,3 salários mínimos,
4/5/2025,3/19/2006,Sistemas para Internet,Diurno,"Pela qualidade da Instituição, Por orientação familiar, Por ser o curso que deseja, Por ser Instituição Pública",Por trabalhar na área,1 anos,Pública,Não,,,,3 salários mínimos,
4/5/2025,6/14/2006,Análise e Desenvolvimento de Sistemas,Diurno,"Pela qualidade da Instituição, Por orientação familiar, Por ser o curso que deseja, Por ser Instituição Pública",Por ter conhecimento e afinidade com a carreira,Acabou de se formar,Pública,Não,,,,3 salários mínimos,
4/5/2025,9/25/2006,Análise e Desenvolvimento de Sistemas,Diurno,"Por ser o curso que deseja, Por ser Instituição Pública, Pela Instituição ficar perto de onde você mora",Por ter conhecimento e afinidade com a carreira,Acabou de se formar,Pública,Não,,,,,
4/5/2025,3/26/2007,Análise e Desenvolvimento de Sistemas,Diurno,"Pela qualidade da Instituição, Por ser o curso que deseja, Por ser Instituição Pública",Pelo nome do curso,Acabou de se formar,Pública,Não,,,,,
4/5/2025,9/13/1999,Análise e Desenvolvimento de Sistemas,Diurno,"Pela qualidade da Instituição, Por ser Instituição Pública",Por ter conhecimento e afinidade com a carreira,8 anos,Pública,Não,,,,,
4/6/2025,8/4/2004,Sistemas para Internet,Diurno,"Pela qualidade da Instituição, Por ter amigos na escola","Pelo nome do curso, Por informações de alunos da Fatec",3 anos,Particular,Não,,,,1 salário mínimo,
4/6/2025,6/28/2004,Sistemas para Internet,Diurno,"Por ser o curso que deseja, Por ser Instituição Pública, Pela Instituição ficar perto de onde você mora",Por trabalhar na área,2 anos,Pública,Não,,,,2 salários mínimos,
4/8/2025,3/7/2006,Gestão Portuária,Noturno,"Pela qualidade da Instituição, Por ser o curso que deseja, Por ser Instituição Pública","Por trabalhar na área, Por ter conhecimento e afinidade com a carreira",Acabou de se formar,Pública,Não,,,,,
4/8/2025,5/26/2006,Gestão Portuária,Noturno,"Pela qualidade da Instituição, Pela Instituição ficar perto de onde você mora","Pelo nome do curso, Por orientação familiar",Acabou de se formar,Pública,Não,,,,2 salários mínimos,
4/8/2025,5/16/2005,Gestão Portuária,Noturno,"Pela qualidade da Instituição, Por ser o curso que deseja, Por ser Instituição Pública","Pelo nome do curso, Devido ao menor tempo de curso",1 anos,Pública,Sim,Hospital Ana Costa,Jovem Aprendiz ,Não,1 salário mínimo,Só estou hoje fazendo gestão portuária pelo dinheiro. Quero me manter em São Paulo e cursar Física na USP
4/8/2025,12/11/2004,Gestão Portuária,Noturno,"Pela qualidade da Instituição, Por ser o curso que deseja, Por ser Instituição Pública, Pela Instituição ficar perto de onde você mora","Pelo nome do curso, Por trabalhar na área, Por ter conhecimento e afinidade com a carreira",3 anos,Pública,Sim,Ldc,Estagiário,Sim,1 salário mínimo,
4/8/2025,11/20/2006,Gestão Portuária,Noturno,"Pela qualidade da Instituição, Por ser o curso que deseja, Por ser Instituição Pública","Por orientação familiar, Por ter conhecimento e afinidade com a carreira, Devido ao menor tempo de curso",Acabou de se formar,Pública,Sim,Geodis ,Jovem Aprendiz ,Sim,1 salário mínimo,
4/8/2025,7/11/2006,Gestão Portuária,Noturno,"Pela qualidade da Instituição, Por orientação familiar, Por ser o curso que deseja","Pelo nome do curso, Por orientação familiar, Devido ao menor tempo de curso",Acabou de se formar,Particular,Não,,,,3 salários mínimos,
4/8/2025,4/8/2025,Gestão Portuária,Noturno,"Por orientação familiar, Por ser Instituição Pública, Por ter amigos na escola",Pelo nome do curso,3 anos,Pública,Não,,,,3 salários mínimos,
4/8/2025,4/25/1995,Gestão Portuária,Noturno,"Pela qualidade da Instituição, Por ser o curso que deseja, Por ser Instituição Pública","Pelo nome do curso, Por trabalhar na área, Por ter conhecimento e afinidade com a carreira, Devido ao menor tempo de curso, Por orientação da empresa que trabalha",13 anos,Pública,Sim,MSC,Assistente de Documentação ,Sim,3 salários mínimos,
4/8/2025,5/16/2002,Gestão Portuária,Noturno,Por ser o curso que deseja,Por informações de alunos da Fatec,4 anos,Pública,,Prefeitura do Guarujá ,Atendente administrativo ,Não,2 salários mínimos,
4/8/2025,9/21/2006,Gestão Portuária,Noturno,"Pela qualidade da Instituição, Por ser Instituição Pública",Por ter conhecimento e afinidade com a carreira,Acabou de se formar,Pública,Sim,Louis Dreyfus Company (LDC),Aprendiz administrativo,Sim,1 salário mínimo,.
4/8/2025,5/26/2004,Gestão Portuária,Noturno,"Pela qualidade da Instituição, Por orientação familiar, Por ser o curso que deseja, Por ser Instituição Pública, Por ter amigos na escola, Pela Instituição ficar perto de onde você mora",Pelo nome do curso,3 anos,Pública,Sim,Clínica Mult Imagem,"Recepcionista, Autorização prévia ",Não,2 salários mínimos,
4/8/2025,4/1/2003,Gestão Portuária,Noturno,"Pela qualidade da Instituição, Por ser o curso que deseja, Por ser Instituição Pública","Pelo nome do curso, Por ter conhecimento e afinidade com a carreira, Por informações de alunos da Fatec",,Pública,Sim,Grupo Cesari,Assistente Administrativo ,,1 salário mínimo,
4/8/2025,2/11/2005,Gestão Portuária,Noturno,"Pela qualidade da Instituição, Por ser o curso que deseja, Pela Instituição ficar perto de onde você mora","Pelo nome do curso, Por informações de alunos da Fatec",3 anos,Pública,Sim,Marimex,Assistente de Controladoria ,Não,3 salários mínimos,"Sobre o motivo de escolha do curso, escolhi pois tenho uma visão mais do ""final"" parte de custos e receita, e me senti na necessidade de entender a operação como um todo, para melhor entendimento geral."
4/8/2025,7/25/2005,Gestão Portuária,Noturno,Por ser o curso que deseja,Por informações de alunos da Fatec,3 anos,Pública,Sim,Aliança America ,Professor Autônomo de Língua Inglesa,Sim,4 salários mínimos,
4/8/2025,7/2/2004,Gestão Portuária,Noturno,"Pela qualidade da Instituição, Por ser o curso que deseja, Por ser Instituição Pública",Por informações de alunos da Fatec,3 anos,Pública,Não,,,,1 salário mínimo,
4/8/2025,9/9/2001,Gestão Portuária,Noturno,"Pela qualidade da Instituição, Por ser Instituição Pública, Pela Instituição ficar perto de onde você mora",Por trabalhar na área,4 anos,Pública,Sim,VW Serviços,Vendedora,Não,1 salário mínimo,
4/8/2025,5/6/2006,Gestão Portuária,Noturno,"Pela qualidade da Instituição, Por ser Instituição Pública","Por orientação familiar, Por ter conhecimento e afinidade com a carreira",Acabou de se formar,Pública,Não,,,,2 salários mínimos,
4/8/2025,2/27/2007,Gestão Portuária,Noturno,"Pela qualidade da Instituição, Por orientação familiar, Por ser Instituição Pública","Pelo nome do curso, Por orientação familiar, Por trabalhar na área, Por ter conhecimento e afinidade com a carreira",Acabou de se formar,Pública,Sim,Adonai Química ,auxiliar administrativo ,Não,1 salário mínimo,
4/8/2025,11/11/2004,Gestão Portuária,Noturno,"Pela qualidade da Instituição, Por orientação familiar, Por ser o curso que deseja, Por ser Instituição Pública","Pelo nome do curso, Por trabalhar na área, Por informações de alunos da Fatec",3 anos,Pública,Sim,Ageo Terminais ,Aprendiz Administrativo ,Sim,4 salários mínimos,
4/8/2025,3/10/2004,Gestão Portuária,Noturno,"Por ser Instituição Pública, Pela Instituição ficar perto de onde você mora",Por trabalhar na área,3 anos,Particular,Sim,ADM Brasil,Aprendiz,Não,1 salário mínimo,
4/8/2025,5/14/2005,Gestão Portuária,Noturno,"Pela qualidade da Instituição, Por ser o curso que deseja, Por ser Instituição Pública","Por ter conhecimento e afinidade com a carreira, Por informações de alunos da Fatec",1 anos,Pública,Sim,Piracicabana ,Assistente Administrativo no RH operacional ,Não,,
4/8/2025,10/5/2006,Gestão Portuária,Noturno,"Pela qualidade da Instituição, Por ser Instituição Pública, Pela Instituição ficar perto de onde você mora",Pelo nome do curso,,Particular,Sim,Padaria orquidário ,Atendente ,Não,3 salários mínimos,
4/8/2025,8/2/2006,Gestão Portuária,Noturno,"Pela qualidade da Instituição, Por orientação familiar, Por ser o curso que deseja","Pelo nome do curso, Por orientação familiar",Acabou de se formar,Pública,Sim,Casa dos Parafusos Bertioga ,Atendente,Não,3 salários mínimos,
4/8/2025,3/24/2005,Gestão Portuária,Noturno,"Pela qualidade da Instituição, Por ser o curso que deseja, Por ter amigos na escola","Por trabalhar na área, Por ter conhecimento e afinidade com a carreira, Devido ao menor tempo de curso",3 anos,Particular,Sim,Multilog,Assistente de Transporte,Sim,3 salários mínimos,
4/8/2025,8/20/2006,Gestão Portuária,Noturno,"Pela qualidade da Instituição, Por ser Instituição Pública","Por trabalhar na área, Por informações de alunos da Fatec",Acabou de se formar,Pública,Sim,Msc,Assistente administrativo ,Sim,1 salário mínimo,
4/8/2025,2/27/2007,Gestão Portuária,Noturno,"Pela qualidade da Instituição, Por orientação familiar, Por ser Instituição Pública","Pelo nome do curso, Por orientação familiar, Por ter conhecimento e afinidade com a carreira",Acabou de se formar,Pública,Sim,Adonai Química ,auxiliar administrativo,Sim,1 salário mínimo,
4/16/2025,3/19/2007,Ciência de Dados,Diurno,"Por ser o curso que deseja, Por ser Instituição Pública, Pela Instituição ficar perto de onde você mora",Por ter conhecimento e afinidade com a carreira,Acabou de se formar,Pública,Não,,,,4 salários mínimos,
4/16/2025,9/1/2006,Ciência de Dados,Diurno,"Pela qualidade da Instituição, Por orientação familiar, Por ser Instituição Pública","Pelo nome do curso, Por orientação familiar",Acabou de se formar,Pública,Não,,,,2 salários mínimos,
4/16/2025,4/2/2007,Ciência de Dados,Diurno,"Pela qualidade da Instituição, Por orientação familiar, Por ser Instituição Pública, Por ter amigos na escola","Por orientação familiar, Por ter conhecimento e afinidade com a carreira",Acabou de se formar,Pública,Não,,,,2 salários mínimos,
4/16/2025,6/5/2003,Ciência de Dados,Diurno,"Por ser o curso que deseja, Por ser Instituição Pública, Pela Instituição ficar perto de onde você mora","Por ter conhecimento e afinidade com a carreira, Devido ao menor tempo de curso",4 anos,Pública,Não,,,,3 salários mínimos,
4/16/2025,4/11/2006,Ciência de Dados,Diurno,"Pela qualidade da Instituição, Por orientação familiar",Pelo nome do curso,1 anos,Pública,Não,,,,"Nenhum,não trabalho",
4/16/2025,8/23/2007,Ciência de Dados,Diurno,"Por orientação familiar, Por ser o curso que deseja, Por ser Instituição Pública","Pelo nome do curso, Por orientação familiar",Acabou de se formar,Pública,Não,,,,4 salários mínimos,
4/16/2025,10/16/2006,Ciência de Dados,Diurno,Por ser o curso que deseja,Pelo nome do curso,Acabou de se formar,Pública,Não,,,,"5,5",
4/16/2025,4/16/1986,Ciência de Dados,Diurno,Por ser Instituição Pública,Por ter conhecimento e afinidade com a carreira,20 anos,Particular,Não,,,Não,2 salários mínimos,
4/16/2025,6/4/2004,Ciência de Dados,Diurno,Pela qualidade da Instituição,Por ter conhecimento e afinidade com a carreira,1 anos,Pública,Sim,Ateliê da dina,Logistica(ponto shoppe e shein),Não,1 salário mínimo,
4/16/2025,2/23/2007,Ciência de Dados,Diurno,"Pela qualidade da Instituição, Por ser Instituição Pública","Por ter conhecimento e afinidade com a carreira, Por informações de alunos da Fatec",Acabou de se formar,Particular,Sim,KNN idiomas,Professor de Inglês ,Não,1 salário mínimo,
4/16/2025,10/7/2006,Ciência de Dados,Diurno,"Pela qualidade da Instituição, Por ser o curso que deseja, Por ser Instituição Pública, Pela Instituição ficar perto de onde você mora",Por ter conhecimento e afinidade com a carreira,Acabou de se formar,Pública,Não,,,,,
4/16/2025,12/5/2002,Ciência de Dados,Diurno,"Pela qualidade da Instituição, Por ser o curso que deseja, Pela Instituição ficar perto de onde você mora","Pelo nome do curso, Por ter conhecimento e afinidade com a carreira, Por informações de alunos da Fatec",4 anos,Pública,Não,,,,2 salários mínimos,
4/16/2025,12/26/2006,Ciência de Dados,Diurno,"Pela qualidade da Instituição, Por ser Instituição Pública",Por trabalhar na área,Acabou de se formar,Pública,Não,,,,1 salário mínimo,
4/16/2025,10/7/2003,Ciência de Dados,Diurno,Pela qualidade da Instituição,"Por trabalhar na área, Por informações de alunos da Fatec",4 anos,Particular,Não,,,Não,2 salários mínimos,
4/16/2025,8/1/2006,Ciência de Dados,Diurno,"Por orientação familiar, Por ser Instituição Pública",Pelo nome do curso,3 anos,Pública,Não,,,,,
4/16/2025,3/11/2007,Ciência de Dados,Diurno,"Pela qualidade da Instituição, Por orientação familiar, Por ser o curso que deseja, Por ser Instituição Pública","Por orientação familiar, Por ter conhecimento e afinidade com a carreira",Acabou de se formar,Particular,Não,,,Não,nao trabalho no atual momento,
4/16/2025,9/9/2006,Ciência de Dados,Diurno,"Por ser o curso que deseja, Por ser Instituição Pública",Por ter conhecimento e afinidade com a carreira,Acabou de se formar,Pública,Sim,CNA,Professor,Não,1 salário mínimo,
4/16/2025,9/28/2005,Ciência de Dados,Diurno,Por ser Instituição Pública,Por ter conhecimento e afinidade com a carreira,3 anos,Pública,Não,,,,,
4/17/2025,5/16/2006,Ciência de Dados,Diurno,Por orientação familiar,Pelo nome do curso,Acabou de se formar,Pública,Não,,,,1 salário mínimo,